Detectada,Estado,Rubro,Organismo,Tipo,N°,Objeto,Apertura,Detalle apertura,Venta hasta,Valor pliego,Link,Pliego PDF,Fuente,ID
07/10/2026,Vigente,Vehículos,COLON — MUNICIPALIDAD DE VILLA ELISA (E.R.),Licitación Pública,004/26,"ADQUISICIÓN DE UN (1) VEHÍCULO PARA TRANSPORTE DE PASAJEROS DE (5) CINCO PLAZAS 0 KM - MODELO/AÑO 2026, PARA LA MUNICIPALIDAD DE LA CIUDAD DE VILLA ELISA, ENTRE RÍOS",12/11/2026,"12 de NOVIEMBRE de 2026 a la hora 10:00 en la Oficina de Compras de la Municipalidad de Villa Elisa, Entre Ríos",Ver pliego,"$ 20.000,00 (Pesos Veinte mil con 00/100) el que se puede adquirir en ",https://www.entrerios.gov.ar/boletin/calendario/Boletin/2026/Octubre/09-10-26.pdf,https://www.entrerios.gov.ar/boletin/calendario/Boletin/2026/Octubre/09-10-26.pdf,Boletín Oficial de Entre Ríos,id-bb3703ff360c8c43
09/10/2026,Revisar fecha,Vehículos,ISLAS DEL IBICUY — MUNICIPALIDAD DE VILLA PARANACITO,Licitación Pública,002/26,ADQUISICIÓN de UN (1) TRACTOR 4 x4 C/CABINA DE 90 A 100 HP - 0 Km. con destino a Secretaria de Obras y Servicios Publicos,,"DE LAS PROPUESTAS: 28 de Octubre de 2.026, a las 11:00 Hs. en el salón de reuniones sito en Av. Entre Rios 941 de la loc",Ver pliego,,https://www.entrerios.gov.ar/boletin/calendario/Boletin/2026/Octubre/09-10-26.pdf#page=49,https://www.entrerios.gov.ar/boletin/calendario/Boletin/2026/Octubre/09-10-26.pdf#page=49,Boletín Oficial de Entre Ríos,id-da43a5f725393cbf
09/10/2026,Vigente,Vehículos,VILLAGUAY — COMUNA DE MOJONES SUD YY PARAJE LOS ALGARROBOS,Licitación Pública,,ADQUISICIÓN DE MOTONIVELADORA USADA,29/10/2026,29/10/2026 a las 16:30 hs,Ver pliego,$ 10.000 (PESOS DIEZ MIL),https://www.entrerios.gov.ar/boletin/calendario/Boletin/2026/Octubre/09-10-26.pdf#page=49,https://www.entrerios.gov.ar/boletin/calendario/Boletin/2026/Octubre/09-10-26.pdf#page=49,Boletín Oficial de Entre Ríos,id-2aa97e0762afa9ea
07/10/2026,Vigente,Vehículos,COMUNA DE EL PALENQUE,Licitación Pública,07/26,"Adquisición de UN (1) TRACTOR AGRÍCOLA 0 KM DE HASTA 90 HP, CABINADO 4 x4, CON PALA FRONTAL destinado a trabajos en la Comuna",28/10/2026,"28/10/2026, 12:40 horas, Lugar: Sede Administrativa de la Comuna de El Palenque, sito en calle San Martín sin número, El",Ver pliego,"pesos cero ($ 0,00)",https://www.entrerios.gov.ar/boletin/calendario/Boletin/2026/Octubre/08-10-26.pdf#page=68,https://www.entrerios.gov.ar/boletin/calendario/Boletin/2026/Octubre/08-10-26.pdf#page=68,Boletín Oficial de Entre Ríos,id-54e2b94544e5c76f
06/10/2026,Vigente,Vehículos,GUALEGUAYCHU — MUNICIPIO DE ALDEA SAN ANTONIO,Licitación Pública,002/2026,ADQUISICIÓN DE UNA MÁQUINA MOTONIVELADORA PARA INCORPORAR AL PARQUE AUTOMOTOR DE LA MUNICIPALIDAD DE ALDEA SAN ANTONIO,15/10/2026,"15 de octubre de 2026, a las 08:00 horas, en el Edificio Municipal",Ver pliego,"PESOS CIEN MIL con 00/100 ($ 100.000,00. -)",https://www.entrerios.gov.ar/boletin/calendario/Boletin/2026/Octubre/08-10-26.pdf#page=69,https://www.entrerios.gov.ar/boletin/calendario/Boletin/2026/Octubre/08-10-26.pdf#page=69,Boletín Oficial de Entre Ríos,id-95a507b67b7b1450
06/10/2026,Vigente,Vehículos,VILLAGUAY — MUNICIPALIDAD DE VILLAGUAY,Licitación Pública,,Provisión de una (1) camioneta usada destinada al Parque Automotor Municipal,21/10/2026,"21 de octubre del año 2026 a las 10:00 Horas, la que se realizara en la Oficina de suministros de la Municipalidad de Vi",Ver pliego,"$10.000,00",https://www.entrerios.gov.ar/boletin/calendario/Boletin/2026/Octubre/08-10-26.pdf#page=70,https://www.entrerios.gov.ar/boletin/calendario/Boletin/2026/Octubre/08-10-26.pdf#page=70,Boletín Oficial de Entre Ríos,id-2d3dded56e6c6f6a
06/10/2026,Vigente,Infraestructura,MINISTERIO DE PLANEAMIENTO EE INFRAESTRUCTURA — INSTITUTO AUTÁRQUICO DE PLANEAMIENTO YY VI,Licitación Pública,05/2026,"COMPLEJO HABITACIONAL SAN AGUSTIN (P.P.) PARANÁ 24 VIVIENDAS, 7 LOCALES COMERCIALES Y 27 ESPACIOS DE ESTACIONAMIENTOS DEPARTAMENTO: PARANÁ Para ná , mi ércoles 7 de octubre de 20",01/12/2026,DÍA: 01 /12 /2026 HORA: 10:30 hs,Ver pliego,"$ 299.794,33",https://www.entrerios.gov.ar/boletin/calendario/Boletin/2026/Octubre/07-10-26.pdf#page=44,https://www.entrerios.gov.ar/boletin/calendario/Boletin/2026/Octubre/07-10-26.pdf#page=44,Boletín Oficial de Entre Ríos,id-be1efacbe31d4a09
01/10/2026,Revisar fecha,Áridos,SAN SALVADOR — COMUNA COLONIA BAYLINA,Licitación Pública,07/2026,"Transporte de mil doscientos cincuenta metros cúbicos (1.250 m³) de broza grillada desde Cantera “Tayreta” (Ruta Nacional N° 14 km 135) hasta jurisdicción de la comuna, de acuerdo a los Pliegos de Bases, Condiciones Part iculares y demás documentación",,Viernes 09 de octubre del corriente año a las 10:00 hs en la Oficina de la Sede de la Comuna,Ver pliego,,https://www.entrerios.gov.ar/boletin/calendario/Boletin/2026/Octubre/07-10-26.pdf#page=46,https://www.entrerios.gov.ar/boletin/calendario/Boletin/2026/Octubre/07-10-26.pdf#page=46,Boletín Oficial de Entre Ríos,id-24e9015ecceeff7f
02/10/2026,Revisar fecha,Infraestructura,DIAMANTE — MUNICIPALIDAD DE DIAMANTE -- ENTRE RÍOS,Licitación Pública,,Solicitar Contratación de una empresa para la Obra de “22 (veintidós) cuadras de pavimento urbano” – Grupo 1- según Expte. Letra “D” Nº 2196,,"viernes 23 de octubre de 2.026, a la hora diez (10.00)",Ver pliego,,https://www.entrerios.gov.ar/boletin/calendario/Boletin/2026/Octubre/06-10-26.pdf#page=49,https://www.entrerios.gov.ar/boletin/calendario/Boletin/2026/Octubre/06-10-26.pdf#page=49,Boletín Oficial de Entre Ríos,id-4f207bef5c709ad6
02/10/2026,Vigente,Vehículos,COMUNA DE EL PALENQUE,Licitación Pública,06/26,Adquisición de UNA (1) PALA CARGADORA 0 KM destinada a trabajos en la Comuna,26/10/2026,"26/10/2026, 12:30 horas, Lugar: Sede Administrativa de la Comuna de El Palenque, sito en calle San Martín sin número, El",Ver pliego,"pesos cero ($0,00)",https://www.entrerios.gov.ar/boletin/calendario/Boletin/2026/Octubre/05-10-26.pdf#page=70,https://www.entrerios.gov.ar/boletin/calendario/Boletin/2026/Octubre/05-10-26.pdf#page=70,Boletín Oficial de Entre Ríos,id-4b7dfe1bdd0c2ac6
01/10/2026,Vigente,Infraestructura,COLON — MUNICIPALIDAD DE COLON,Licitación Pública,,“ADQUISICIÓN DE MATERIALES ELÉCTRICOS PARA EJECUCIÓN DEL PROYECTO DE RECONVERSIÓN Y OPTIMIZACIÓN DEL ALUMBRADO PÚBLICO DE LA CIUDAD DE COLÓN”,14/10/2026,14 de OCTUBRE de 2026,Ver pliego,Sin Cargo,https://www.entrerios.gov.ar/boletin/calendario/Boletin/2026/Octubre/05-10-26.pdf#page=70,https://www.entrerios.gov.ar/boletin/calendario/Boletin/2026/Octubre/05-10-26.pdf#page=70,Boletín Oficial de Entre Ríos,id-9e122d52de12ffef
06/10/2026,Revisar fecha,Infraestructura,CONCORDIA — APEX S.A.S,Licitación,,"instalaciones eléctricas, sanitarias, hidráulicas, mecánicas o de cualquier otra naturaleza relacionada con el sector",,Ver boletín,Ver pliego,,https://www.entrerios.gov.ar/boletin/calendario/Boletin/2026/Octubre/05-10-26.pdf#page=81,https://www.entrerios.gov.ar/boletin/calendario/Boletin/2026/Octubre/05-10-26.pdf#page=81,Boletín Oficial de Entre Ríos,id-a20c6b2b6fcf36a2
06/10/2026,Revisar fecha,Vehículos,Boletín Oficial,Remate,,"los vehículos se encuentran en exhibición por lo cuál la información registral, de rentas y de infracciones puede ser",,Ver boletín,Ver pliego,,https://www.entrerios.gov.ar/boletin/calendario/Boletin/2026/Octubre/05-10-26.pdf#page=97,https://www.entrerios.gov.ar/boletin/calendario/Boletin/2026/Octubre/05-10-26.pdf#page=97,Boletín Oficial de Entre Ríos,id-fb8d7dc09e202fea
01/10/2026,Vigente,Materiales,DIAMANTE — COMUNA ALDEA PROTESTANTE -- DIAMANTE -- ENTRE RÍOS,Licitación Pública,03/2026,"Conforme a lo autorizado por decreto Nº 290/26 llámese a licitación pública Nº 03/26 con el objeto de comprar 10 toneladas de emulsión catiónica súper estable (asfalto de imprimación), puesto en Aldea Protestante",14/10/2026,miércoles 14 de octubre de 2026 – Hora nueve (09:00) Lugar de presentación de la oferta: Sede Comuna Aldea Protestan,Ver pliego,,https://www.entrerios.gov.ar/boletin/calendario/Boletin/2026/Octubre/02-10-26.pdf#page=69,https://www.entrerios.gov.ar/boletin/calendario/Boletin/2026/Octubre/02-10-26.pdf#page=69,Boletín Oficial de Entre Ríos,id-c2f3a25cfb37fd38
01/10/2026,Vigente,Vehículos,FEDERACION — MUNICIPALIDAD DE CHAJARI,Licitación Pública,017/2026,"Llamar a LICITACION PUBLICA tendiente a la provisión de UNA (1) MOTONIVELADORA, nueva, sin uso, cero km, con una potencia entre 220/240 HP, con opción a implementos, que será utilizada para el área del corralón municipal",14/10/2026,14 DE OCTUBRE DE 2026 - HORA: 10:00. (DIEZ),Ver pliego,"$100.000,00. - (PESOS CIEN MIL CON 00/100) PRESUPUESTO OFICIAL ESTIMAD",https://www.entrerios.gov.ar/boletin/calendario/Boletin/2026/Octubre/02-10-26.pdf#page=70,https://www.entrerios.gov.ar/boletin/calendario/Boletin/2026/Octubre/02-10-26.pdf#page=70,Boletín Oficial de Entre Ríos,id-4c3b33859e596759
01/10/2026,Vigente,Materiales,MINISTERIO DE SALUD — GOBIERNO DE ENTRE RIOS,Licitación Pública,18/26,"Adquirir Sesenta Mil (60.000) Kilogramos de Leche Entera en Polvo Instantánea, Fortificada con Hierro, Zinc y Ácido Ascórbico",16/10/2026,"Sala de reuniones de la Dirección de Contrataciones del Ministerio de Salud, sito en calle 25 de Mayo N° 181, segundo pi",Ver pliego,"PESOS TRES MIL QUINIENTOS ($ 3.500,00)",https://www.entrerios.gov.ar/boletin/calendario/Boletin/2026/Octubre/01-10-26.pdf,https://www.entrerios.gov.ar/boletin/calendario/Boletin/2026/Octubre/01-10-26.pdf,Boletín Oficial de Entre Ríos,id-04a917d50ccab2e3
01/10/2026,Vigente,Infraestructura,VILLAGUAY — MUNICIPALIDAD DE VILLAGUAY,Licitación Pública,,"Contratación, ejecución, liquidación, pago y recepción de la obra destinada a la elaboración del Proyecto Ejecutivo, provisión de materiales, mano de obra, equipos, ejecución, ensayos, habilitación y puesta en servicio de la instalación de gas natural para la Planta Municipal de Elaboración de Mezcla Asfáltica en Caliente, ubicada en el Lote N.º 4 de la Chacra N.º 263 del Parque Industrial de Villaguay, Provincia de Entre Ríos. La contratación comprender á una solución integral bajo modalidad “llave en mano”, incluyendo todos los trabajos, provisiones, trámites, representaciones técnicas, insp",16/10/2026,"16 de octubre del año 2026 a las 10:00 Horas, la que se reali zara en la Oficina de suministros de la Municipalidad de V",Ver pliego,"$ 50.000,00",https://www.entrerios.gov.ar/boletin/calendario/Boletin/2026/Octubre/01-10-26.pdf#page=58,https://www.entrerios.gov.ar/boletin/calendario/Boletin/2026/Octubre/01-10-26.pdf#page=58,Boletín Oficial de Entre Ríos,id-55f1e5ca423a9262
01/10/2026,Revisar fecha,Vehículos,ISLAS DEL IBICUY — MUNICIPALIDAD DE VILLA PARANACITO,Licitación Pública,001/26,ADQUISICIÓN de UN (1) FURGON UTILITARIO CHICO con 5 asientos 0 KM. con destino a Subsecretaria de Asistencia Directa y Emergencia,,"DE LAS PROPUESTAS: 20 de Octubre de 2.026, a las 11:00 Hs. en el salón de reuniones sito en Av. Entre Rios 941 de la loc",Ver pliego,,https://www.entrerios.gov.ar/boletin/calendario/Boletin/2026/Septiembre/30-09-26.pdf#page=88,https://www.entrerios.gov.ar/boletin/calendario/Boletin/2026/Septiembre/30-09-26.pdf#page=88,Boletín Oficial de Entre Ríos,id-ca205f0874380f69
01/10/2026,Vigente,Arquitectura,PARANA — MINISTERIO DE PLANEAMIENTO EE INFRAESTRUCTURA,Licitación Pública,11/26,Provisión de Materiales y Mano de Obra según Pliego para la Obra: “TERMINACION ESCUELA Nº 40 “JOSÉ ENRIQUE RODÓ”-SEPTIMO DISTRITO-DEPARTAMENTO GUALEGUAY.”,23/10/2026,DE LAS OFERTAS: el día 23 de Octubre de 2026 a las 10:00 hs,Ver pliego,$ 100 (Cien),https://www.entrerios.gov.ar/boletin/calendario/Boletin/2026/Septiembre/25-09-26.pdf#page=82,https://www.entrerios.gov.ar/boletin/calendario/Boletin/2026/Septiembre/25-09-26.pdf#page=82,Boletín Oficial de Entre Ríos,id-86cc9c230734c462
01/10/2026,Vigente,Vehículos,VICTORIA — MUNICIPALIDAD DE VICTORIA,Licitación Pública,008/2026,"Proveer a la Municipalidad de Victoria, Entre Ríos, de Veinticinco Mil (25.000) litros de Diésel 500, para movilidad de vehículos y maquinarias viales , Ocho Mil (8.000) litros de Gasoil Tipo euro o similar y Ocho (8.000) litros de nafta súper para vehículos y áreas afectadas a la Secretaria de Planeamiento y Dirección de Ambiente y Desarrollo sostenible;",14/10/2026,"14 de octubre de 2026 a las 09:00 hs., en la Oficina de Compras de la Municipalidad de Victoria, Entr",Ver pliego,,https://www.entrerios.gov.ar/boletin/calendario/Boletin/2026/Septiembre/24-09-26.pdf#page=97,https://www.entrerios.gov.ar/boletin/calendario/Boletin/2026/Septiembre/24-09-26.pdf#page=97,Boletín Oficial de Entre Ríos,id-a9af9f59c8c487c8
01/10/2026,Revisar fecha,Infraestructura,INSTITUTO CARBÓ S.R.L,Licitación,,"sin internación en materia de salud, pre- hospitalarias, atención médica, domiciliaria y traslados sanitarios de alta",,Ver boletín,Ver pliego,,https://www.entrerios.gov.ar/boletin/calendario/Boletin/2026/Septiembre/24-09-26.pdf#page=120,https://www.entrerios.gov.ar/boletin/calendario/Boletin/2026/Septiembre/24-09-26.pdf#page=120,Boletín Oficial de Entre Ríos,id-6aa57c7437a30ca3
01/10/2026,Revisar fecha,Infraestructura,MUNICIPALIDAD DE VIALE,Licitación Pública,08/26,"de asf alto 70-16 destinado a la producción de pavimento de la Planta Asfáltica, y que a continuación se detalla y",,Ver boletín,Ver pliego,,https://www.entrerios.gov.ar/boletin/calendario/Boletin/2026/Septiembre/23-09-26.pdf,https://www.entrerios.gov.ar/boletin/calendario/Boletin/2026/Septiembre/23-09-26.pdf,Boletín Oficial de Entre Ríos,id-ef1ddb923c7e7fdb
01/10/2026,Vigente,Vehículos,URUGUAY — MUNICIPALIDAD DE CONCEPCION DEL URUGUAY,Licitación Pública,34/2026,"“Concesión de la Explotación Comercial de un (01) Camión de Comidas Rápidas (para cubrir el total de cuatro puestos) en la Zona Joven – Parque La Salamanca de la Municipalidad de Concepción del Uruguay – Entre Ríos”, en un todo de acuerdo a los Pliegos de Bases, Condiciones Particulares y demás documentación",09/10/2026,09 de octubre de 2026 Hora: 10:00,Ver pliego,,https://www.entrerios.gov.ar/boletin/calendario/Boletin/2026/Septiembre/23-09-26.pdf#page=85,https://www.entrerios.gov.ar/boletin/calendario/Boletin/2026/Septiembre/23-09-26.pdf#page=85,Boletín Oficial de Entre Ríos,id-b147fbd9d3081bfc
01/10/2026,Vigente,Infraestructura,PARANA — SALUD ENTRE RÍOS S.A.U,Licitación Pública,,"Servicio de Recolección, Lavado, Desinfección, Secado, Planchado y Transporte de Ropa Hospitalaria",21/10/2026,"Hospital de la Baxada, calle Gral. Alvarado Nº 2.250 Paraná, Entre Ríos, el día 21/10/2026 a las 10:00 hs",Ver pliego,Ninguno,https://www.entrerios.gov.ar/boletin/calendario/Boletin/2026/Septiembre/22-09-26.pdf,https://www.entrerios.gov.ar/boletin/calendario/Boletin/2026/Septiembre/22-09-26.pdf,Boletín Oficial de Entre Ríos,id-6b955df9d3f6241a
01/10/2026,Vigente,Infraestructura,SALUD ENTRE RÍOS S.A.U,Licitación Pública,,Contratación de Servicio de Viandas para el Hospital de la Baxada,19/10/2026,"Hospital de la Baxada, calle Gral. Al varado Nº 2.250 Paraná, Entre Ríos, el día 19/10/2026 a las 10:00 hs",Ver pliego,Ninguno,https://www.entrerios.gov.ar/boletin/calendario/Boletin/2026/Septiembre/22-09-26.pdf,https://www.entrerios.gov.ar/boletin/calendario/Boletin/2026/Septiembre/22-09-26.pdf,Boletín Oficial de Entre Ríos,id-d35d5e849089d7ac
01/10/2026,Vigente,Vehículos,LA PAZ — MUNICIPALIDAD DE SANTA ELENA,Licitación Pública,10/2026,"“PROVISIÓN DE UNA (1) MINICARGADORA 0 KM, CON CUCHARÓN FRONTAL DE USO GENERAL, UN (1) MARTILLO HIDRÁULICO Y UN (1) COMPACTADOR/RODILLO VIBRATORIO LISO”",09/10/2026,09/10/2026 HORA: 10:00 HS,Ver pliego,"($ 270.000,00) PESOS DOSCIENTOS SETENTA MIL",https://www.entrerios.gov.ar/boletin/calendario/Boletin/2026/Septiembre/22-09-26.pdf#page=70,https://www.entrerios.gov.ar/boletin/calendario/Boletin/2026/Septiembre/22-09-26.pdf#page=70,Boletín Oficial de Entre Ríos,id-779e4cd290f2e64e
01/10/2026,Vigente,Infraestructura,MUNICIPALIDAD DE SANTA ELENA,Licitación Pública,11/2026,"OBRA ""PAVIMENTACION URBANA CALLE TRATADO DEL PILAR B° 3 DE FEBRERO - MUNICIPALIDAD DE SANTA ELENA"" (Según Pliegos de Bases y condi ciones)",13/10/2026,13/10/2026 HORA: 10: 00 HS,Ver pliego,"$ 728.000,00 PESOS SETECIENTOS VEINTIOCHO MIL",https://www.entrerios.gov.ar/boletin/calendario/Boletin/2026/Septiembre/22-09-26.pdf#page=71,https://www.entrerios.gov.ar/boletin/calendario/Boletin/2026/Septiembre/22-09-26.pdf#page=71,Boletín Oficial de Entre Ríos,id-1a2561509308b1b6
01/10/2026,Vigente,Arquitectura,COMISIÓN ADMINISTRADORA PARA EL FONDO ESPECIAL — DE SALTO GRANDE,Licitación Pública,11/2026,"REFACCION EN ESCUELA N° 65 “ALMIRANTE BROWN” – CIUDAD DE CONCORDIA - DEPARTAMENTO CONCORDIA - PROVINCIA DE ENTRE RÍOS de acuerdo a las condiciones que se detallan en los pliegos, aprobados por el Directorio de C.A.F.E.S.G",13/10/2026,Martes 13 DE OCTUBRE DEL AÑO 2026.- Hora: 09:00 Lugar: OFICINAS CENTRALES DE LA CAFESG – CALLE SAN JUAN Nº 2097 – CIUDAD,06/10/2026,,https://www.entrerios.gov.ar/boletin/calendario/Boletin/2026/Septiembre/18-09-26.pdf#page=61,https://www.entrerios.gov.ar/boletin/calendario/Boletin/2026/Septiembre/18-09-26.pdf#page=61,Boletín Oficial de Entre Ríos,id-fc30d5c0b0589a79
01/10/2026,Vigente,Arquitectura,COMISIÓN ADMINISTRADORA PARA EL FONDO ESPECIAL — DE SALTO GRANDE,Licitación Pública,13/2026,"REPARACIONES VARIAS EN C. P. E. F. Nº 3 “PROFESOR HUGO LA NASA” – CIUDAD DE CONCEPCION DEL URUGUAY - DEPARTAMENTO URUGUAY - PROVINCIA D E ENTRE RÍOS de acuerdo a las condiciones que se detallan en los pliegos, aprobados por el Directorio de C.A.F.E.S.G",13/10/2026,Martes 13 DE OCTUBRE DEL AÑO 2026.- Hora: 12:00 Lugar: OFICINAS CENTRALES DE LA CAFESG – CALLE SAN JUAN Nº 2097 – CIUDAD,06/10/2026,,https://www.entrerios.gov.ar/boletin/calendario/Boletin/2026/Septiembre/18-09-26.pdf#page=63,https://www.entrerios.gov.ar/boletin/calendario/Boletin/2026/Septiembre/18-09-26.pdf#page=63,Boletín Oficial de Entre Ríos,id-9d3847fb0e2b0929
01/10/2026,Vigente,Arquitectura,COMISIÓN ADMINISTRADORA PARA EL FONDO ESPECIAL — DE SALTO GRANDE,Licitación Pública,12/2026,"RECAMBIO DE CUBIERTA Y REPARACIONES VARIAS EN ESCUELA Nº 92 “CONGRESO DE TUCUMAN” – CONCEPCION DEL URUGUAY - DPTO. URUGUAY – PROVINCIA DE ENTRE RIOS de acuerdo a las c ondiciones que se detallan en los pliegos, aprobados por el Directorio de C.A.F.E.S.G",13/10/2026,Martes 13 DE OCTUBRE DEL AÑO 2026.- Hora: 10:30 Lugar: OFICINAS CENTRALES DE LA CAFESG – CALLE SAN JUAN Nº 2097 – CIUDAD,06/10/2026,,https://www.entrerios.gov.ar/boletin/calendario/Boletin/2026/Septiembre/18-09-26.pdf#page=64,https://www.entrerios.gov.ar/boletin/calendario/Boletin/2026/Septiembre/18-09-26.pdf#page=64,Boletín Oficial de Entre Ríos,id-059239b424b9c936
01/10/2026,Vigente,Arquitectura,Arquitectura y Construcciones (DGAyC),Licitación Pública,11/2026,"Terminación Escuela N° 40 ""José Enrique Rodó"", Séptimo Distrito",23/10/2026,"viernes, 23 de octubre de 2026 - 10:00hs",Ver pliego,,https://www.entrerios.gov.ar/minplan/licitaciones/lpn_dgayc_2026-11,https://www.entrerios.gov.ar/minplan/licitaciones/lpn_dgayc_2026-11,Min. Planeamiento (provincia),id-322a40f5e43af35d
06/10/2026,Vigente,Infraestructura,IAPV (Vivienda),Licitación Pública,04/2026,TERMINACIÓN CONCEPCIÓN DEL URUGUAY 63 VIV,17/11/2026,17/11/2026 (leído del aviso),Ver pliego,"$138.748,07",https://www.iapv.gob.ar/seccion/articulos/2224/licitacion-publica-n-042026-terminacion-concepcion,https://www.iapv.gob.ar/descarga/archivos/199381.pdf,IAPV — Viviendas,id-1a3c1f8e036ac91e
06/10/2026,Vigente,Infraestructura,IAPV (Vivienda),Licitación Pública,05/2026,COMPLEJO HABITACIONAL SAN AGUSTÍN (P,01/12/2026,01/12/2026 (leído del aviso),Ver pliego,"$ 299.794,33",https://www.iapv.gob.ar/seccion/articulos/2223/licitacion-publica-n-052026-complejo-habitacional-,https://www.iapv.gob.ar/descarga/archivos/198280.pdf,IAPV — Viviendas,id-ccb22bcad9356438
02/10/2026,Revisar fecha,Infraestructura,Vialidad Entre Ríos (DPV),Contratación Directa,,CONSTRUCCIÓN DE OBRAS DE ARTE EN EL DEPARTAMENTO LA PAZ. 1) OBRA: CONSTRUCCIÓN DE CALZADA SUMERGIBLE EN R.P. S/Nº SOBRE Aº ESTACAS – “CAMINO SAUCECITO” – TRAMO: R.P.Nº 1 – ESCUELA Nº 62 – DISTRITO ESTACAS – DEPARTAMENTO LA PAZ – 2) OBRA: CONSTRUCCIÓN DE CALZADA SUMERGIBLE SOBRE Aº ESTACAS SAN GUSTAVO – TRAMO: […],,Ver pliego,Ver pliego,,https://www.dpver.gov.ar/2026/10/01/contratacion-directa-con-cotejo-12-2026-2/,https://www.dpver.gov.ar/2026/10/01/contratacion-directa-con-cotejo-12-2026-2/,Vialidad Entre Ríos (DPV),id-3d7728874996f284
01/10/2026,Revisar fecha,Materiales,Vialidad Entre Ríos (DPV),Contratación Directa,,REFUERZO DE SEÑALIZACIÓN VERTICAL EN ZONA TÚNEL SUBFLUVIAL – TRAMO: ACC. TÚNEL SUBFLUVIAL “RAÚL URANGA – CARLOS SILVESTRE BEGNIS” – AV. CIRCUNVALACIÓN JOSÉ HERNÁNDEZ – DISTRITO SAUCE – DEPARTAMENTO PARANÁ – ZONAL XIX PARANÁ. – CONSULTA DE PLIEGOS: www.dpver.gov.ar – despacho.licitaciones@vialidadentrerios.gob.ar APERTURA DE LAS OFERTAS: El Acto de Apertura de las propuestas se llevará […],,Ver pliego,Ver pliego,,https://www.dpver.gov.ar/2026/09/14/contratacion-directa-con-cotejo-12-2026/,https://www.dpver.gov.ar/2026/09/14/contratacion-directa-con-cotejo-12-2026/,Vialidad Entre Ríos (DPV),id-654eebef400f89cd
01/10/2026,Revisar fecha,Infraestructura,Vialidad Entre Ríos (DPV),Concurso,01/26,"PROYECTO EJECUTIVO DE LA OBRA: RUTA PROVINCIAL A08 – TRAMO: R.N. Nº12 – VILLA PARANACITO – CONSTRUCCIÓN DE CALZADA, RECONSTRUCCIÓN DE LA CALZADA EXISTENTE, VERIFICACIÓN, REPARACIÓN Y DISEÑO DE OBRAS DE ARTE -DEPARTAMENTO: ISLAS DEL IBICUY – PROVINCIA: ENTRE RÍOS – LONGITUD APROXIMADA DEL TRAMO: 20,685 km.- CONSULTA DE PLIEGOS: www.dpver.gov.ar – […]",,Ver pliego,Ver pliego,,https://www.dpver.gov.ar/2026/08/28/concurso-de-anteproyecto-no-01-26/,https://www.dpver.gov.ar/2026/08/28/concurso-de-anteproyecto-no-01-26/,Vialidad Entre Ríos (DPV),id-9a16884dd5a64a49
01/10/2026,Revisar fecha,Materiales,ENERSA,Licitación,2026-1227,Adquisición Postes de hormigón para líneas aéreas de energía eléctrica,,Ver pliego,Ver pliego,,https://www.enersa.com.ar/area-proveedores/,https://www.enersa.com.ar/area-proveedores/,ENERSA,id-0691eb485d7548eb
01/10/2026,Vigente,Infraestructura,Municipalidad de Paraná,Licitación Pública,87/2026,Contratar la ejecución de la obra denominada “Construcción de Red Cloacal Subsidiaria del Colector Noroeste Barrio Ciudad Paisaje”,13/10/2026,"martes, 13 de octubre de 2026 a las 10:00",Ver pliego,$ 10.000 (pesos diez mil),https://boletinoficial.parana.gob.ar/,https://boletinoficial.parana.gob.ar/descarga-licitacion.php?id=66592,Boletín Oficial Municipalidad de Paraná,id-ceeb594e8bcc4ff7
